circuitId;circuitName;circuitName_ru;type_circuit;type_circuit_ru;lat;long;locality;locality_ru;country;country_ru;url
adelaide;Adelaide Street Circuit;Уличная трасса Аделаида;urban;Городская;-34.9272;138.617;Adelaide;Аделаида;Australia;Австралия;http://en.wikipedia.org/wiki/Adelaide_Street_Circuit
ain-diab;Ain Diab;Айн-Диаб;urban;Городская;33.5786;-7.6875;Casablanca;Касабланка;Morocco;Марокко;http://en.wikipedia.org/wiki/Ain-Diab_Circuit
aintree;Aintree;Эйнтри;track;Трековая;53.4769;-2.94056;Liverpool;Ливерпуль;UK;Великобритания;http://en.wikipedia.org/wiki/Aintree_Motor_Racing_Circuit
albert_park;Albert Park Grand Prix Circuit;Альберт-Парк;mixed;Смешанная;-37.8497;144.968;Melbourne;Мельбурн;Australia;Австралия;http://en.wikipedia.org/wiki/Melbourne_Grand_Prix_Circuit
americas;Circuit of the Americas;Трасса Америк;track;Трековая;30.1328;-97.6411;Austin;Остин;USA;США;http://en.wikipedia.org/wiki/Circuit_of_the_Americas
anderstorp;Scandinavian Raceway;Скандинавская трасса;track;Трековая;57.2653;13.6042;Anderstorp;Андерсторп;Sweden;Швеция;http://en.wikipedia.org/wiki/Scandinavian_Raceway
avus;AVUS;АВУС;track;Трековая;52.4806;13.2514;Berlin;Берлин;Germany;Германия;http://en.wikipedia.org/wiki/AVUS
bahrain;Bahrain International Circuit;Международная трасса Бахрейна;track;Трековая;26.0325;50.5106;Sakhir;Сахир;Bahrain;Бахрейн;http://en.wikipedia.org/wiki/Bahrain_International_Circuit
baku;Baku City Circuit;Городская трасса Баку;urban;Городская;40.3725;49.8533;Baku;Баку;Azerbaijan;Азербайджан;http://en.wikipedia.org/wiki/Baku_City_Circuit
boavista;Circuito da Boavista;Боавишта;urban;Городская;41.1705;-8.67325;Oporto;Порту;Portugal;Португалия;http://en.wikipedia.org/wiki/Circuito_da_Boavista
brands_hatch;Brands Hatch;Брэндс-Хэтч;track;Трековая;51.3569;0.263056;Kent;Кент;UK;Великобритания;http://en.wikipedia.org/wiki/Brands_Hatch
bremgarten;Circuit Bremgarten;Бремгартен;track;Трековая;46.9589;7.40194;Bern;Берн;Switzerland;Швейцария;http://en.wikipedia.org/wiki/Circuit_Bremgarten
buddh;Buddh International Circuit;Международная трасса Будда;track;Трековая;28.3487;77.5331;Uttar Pradesh;Уттар-Прадеш;India;Индия;http://en.wikipedia.org/wiki/Buddh_International_Circuit
catalunya;Circuit de Barcelona-Catalunya;Барселона-Каталунья;track;Трековая;41.57;2.26111;Montmeló;Монтмело;Spain;Испания;http://en.wikipedia.org/wiki/Circuit_de_Barcelona-Catalunya
charade;Charade Circuit;Шарад;track;Трековая;45.7472;3.03889;Clermont-Ferrand;Клермон-Ферран;France;Франция;http://en.wikipedia.org/wiki/Charade_Circuit
dallas;Fair Park;Фэйр-Парк;urban;Городская;32.7774;-96.7587;Dallas;Даллас;USA;США;http://en.wikipedia.org/wiki/Fair_Park
detroit;Detroit Street Circuit;Уличная трасса Детройт;urban;Городская;42.3298;-83.0401;Detroit;Детройт;USA;США;http://en.wikipedia.org/wiki/Detroit_street_circuit
dijon;Dijon-Prenois;Дижон-Пренуа;track;Трековая;47.3625;4.89913;Dijon;Дижон;France;Франция;http://en.wikipedia.org/wiki/Dijon-Prenois
donington;Donington Park;Донингтон-Парк;track;Трековая;52.8306;-1.37528;Castle Donington;Касл-Донингтон;UK;Великобритания;http://en.wikipedia.org/wiki/Donington_Park
essarts;Rouen-Les-Essarts;Руан-Ле-Эссар;track;Трековая;49.3306;1.00458;Rouen;Руан;France;Франция;http://en.wikipedia.org/wiki/Rouen-Les-Essarts
estoril;Autódromo do Estoril;Эшторил;track;Трековая;38.7506;-9.39417;Estoril;Эшторил;Portugal;Португалия;http://en.wikipedia.org/wiki/Aut%C3%B3dromo_do_Estoril
fuji;Fuji Speedway;Фудзи;track;Трековая;35.3717;138.927;Oyama;Ояма;Japan;Япония;http://en.wikipedia.org/wiki/Fuji_Speedway
galvez;Autódromo Juan y Oscar Gálvez;Хуан и Оскар Гальвес;track;Трековая;-34.6943;-58.4593;Buenos Aires;Буэнос-Айрес;Argentina;Аргентина;http://en.wikipedia.org/wiki/Aut%C3%B3dromo_Oscar_Alfredo_G%C3%A1lvez
george;Prince George Circuit;Принц Джордж;track;Трековая;-33.0486;27.8736;Eastern Cape Province;Восточно-Капская провинция;South Africa;ЮАР;http://en.wikipedia.org/wiki/Prince_George_Circuit
hockenheimring;Hockenheimring;Хоккенхаймринг;track;Трековая;49.3278;8.56583;Hockenheim;Хоккенхайм;Germany;Германия;http://en.wikipedia.org/wiki/Hockenheimring
hungaroring;Hungaroring;Хунгароринг;track;Трековая;47.5789;19.2486;Budapest;Будапешт;Hungary;Венгрия;http://en.wikipedia.org/wiki/Hungaroring
imola;Autodromo Enzo e Dino Ferrari;Энцо и Дино Феррари;track;Трековая;44.3439;ноя.67;Imola;Имола;Italy;Италия;http://en.wikipedia.org/wiki/Autodromo_Enzo_e_Dino_Ferrari
indianapolis;Indianapolis Motor Speedway;Индианаполис;track;Трековая;39.795;-86.2347;Indianapolis;Индианаполис;USA;США;http://en.wikipedia.org/wiki/Indianapolis_Motor_Speedway
interlagos;Autódromo José Carlos Pace;Жозе Карлус Пасе;track;Трековая;-23.7036;-46.6997;São Paulo;Сан-Паулу;Brazil;Бразилия;http://en.wikipedia.org/wiki/Aut%C3%B3dromo_Jos%C3%A9_Carlos_Pace
istanbul;Istanbul Park;Стамбул-Парк;track;Трековая;40.9517;29.405;Istanbul;Стамбул;Turkey;Турция;http://en.wikipedia.org/wiki/Istanbul_Park
jacarepagua;Autódromo Internacional Nelson Piquet;Жакарепагуа;track;Трековая;-22.9756;-43.395;Rio de Janeiro;Рио-де-Жанейро;Brazil;Бразилия;http://en.wikipedia.org/wiki/Aut%C3%B3dromo_Internacional_Nelson_Piquet
jarama;Jarama;Харама;track;Трековая;40.6171;-3.58558;Madrid;Мадрид;Spain;Испания;http://en.wikipedia.org/wiki/Circuito_Permanente_Del_Jarama
jeddah;Jeddah Corniche Circuit;Уличная трасса Джидда;urban;Городская;21.6319;39.1044;Jeddah;Джидда;Saudi Arabia;Саудовская Аравия;http://en.wikipedia.org/wiki/Jeddah_Street_Circuit
jerez;Circuito de Jerez;Херес;track;Трековая;36.7083;-6.03417;Jerez de la Frontera;Херес-де-ла-Фронтера;Spain;Испания;http://en.wikipedia.org/wiki/Circuito_Permanente_de_Jerez
kyalami;Kyalami;Кьялами;track;Трековая;-25.9894;28.0767;Midrand;Мидранд;South Africa;ЮАР;http://en.wikipedia.org/wiki/Kyalami
las_vegas;Las Vegas Street Circuit;Уличная трасса Лас-Вегас;urban;Городская;36.1162;-115.174;Nevada;Невада;USA;США;http://en.wikipedia.org/wiki/Las_Vegas_Street_Circuit
lemans;Le Mans;Ле-Ман;track;Трековая;47.95;0.224231;Le Mans;Ле-Ман;France;Франция;http://en.wikipedia.org/wiki/Circuit_de_la_Sarthe#Bugatti_Circuit
long_beach;Long Beach;Лонг-Бич;urban;Городская;33.7651;-118.189;California;Калифорния;USA;США;http://en.wikipedia.org/wiki/Long_Beach,_California
losail;Losail International Circuit;Лосаил;track;Трековая;25.49;51.4542;Al Daayen;Эд-Даайен;Qatar;Катар;http://en.wikipedia.org/wiki/Losail_International_Circuit
magny_cours;Circuit de Nevers Magny-Cours;Маньи-Кур;track;Трековая;46.8642;3.16361;Magny Cours;Маньи-Кур;France;Франция;http://en.wikipedia.org/wiki/Circuit_de_Nevers_Magny-Cours
marina_bay;Marina Bay Street Circuit;Уличная трасса Марина-Бей;urban;Городская;янв.14;103.864;Marina Bay;Марина-Бей;Singapore;Сингапур;http://en.wikipedia.org/wiki/Marina_Bay_Street_Circuit
miami;Miami International Autodrome;Майами;mixed;Смешанная;25.9581;-80.2389;Miami;Майами;USA;США;http://en.wikipedia.org/wiki/Miami_International_Autodrome
monaco;Circuit de Monaco;Монако;urban;Городская;43.7347;7.42056;Monte-Carlo;Монте-Карло;Monaco;Монако;http://en.wikipedia.org/wiki/Circuit_de_Monaco
monsanto;Monsanto Park Circuit;Монсанту;urban;Городская;38.7197;-9.20306;Lisbon;Лиссабон;Portugal;Португалия;http://en.wikipedia.org/wiki/Monsanto_Park_Circuit
montjuic;Montjuïc;Монжуик;urban;Городская;41.3664;2.15167;Barcelona;Барселона;Spain;Испания;http://en.wikipedia.org/wiki/Montju%C3%AFc_circuit
monza;Autodromo Nazionale di Monza;Монца;track;Трековая;45.6156;9.28111;Monza;Монца;Italy;Италия;http://en.wikipedia.org/wiki/Autodromo_Nazionale_Monza
mosport;Mosport International Raceway;Моспорт;track;Трековая;44.0481;-78.6756;Ontario;Онтарио;Canada;Канада;http://en.wikipedia.org/wiki/Mosport
mugello;Autodromo Internazionale del Mugello;Муджелло;track;Трековая;43.9975;ноя.19;Mugello;Муджелло;Italy;Италия;http://en.wikipedia.org/wiki/Mugello_Circuit
nivelles;Nivelles-Baulers;Нивель-Болер;track;Трековая;50.6211;4.32694;Brussels;Брюссель;Belgium;Бельгия;http://en.wikipedia.org/wiki/Nivelles-Baulers
nurburgring;Nürburgring;Нюрбургринг;track;Трековая;50.3356;июн.75;Nürburg;Нюрбург;Germany;Германия;http://en.wikipedia.org/wiki/N%C3%BCrburgring
okayama;Okayama International Circuit;Окаяма;track;Трековая;34.915;134.221;Okayama;Окаяма;Japan;Япония;http://en.wikipedia.org/wiki/TI_Circuit
pedralbes;Circuit de Pedralbes;Педральбес;urban;Городская;41.3903;2.11667;Barcelona;Барселона;Spain;Испания;http://en.wikipedia.org/wiki/Pedralbes_Circuit
pescara;Pescara Circuit;Пескара;urban;Городская;42.475;14.1508;Pescara;Пескара;Italy;Италия;http://en.wikipedia.org/wiki/Pescara_Circuit
phoenix;Phoenix street circuit;Уличная трасса Финикс;urban;Городская;33.4479;-112.075;Phoenix;Финикс;USA;США;http://en.wikipedia.org/wiki/Phoenix_street_circuit
portimao;Autódromo Internacional do Algarve;Алгарве;track;Трековая;37.227;-8.6267;Portimão;Портиман;Portugal;Португалия;http://en.wikipedia.org/wiki/Algarve_International_Circuit
red_bull_ring;Red Bull Ring;Ред Булл Ринг;track;Трековая;47.2197;14.7647;Spielberg;Шпильберг;Austria;Австрия;http://en.wikipedia.org/wiki/Red_Bull_Ring
reims;Reims-Gueux;Реймс-Гё;track;Трековая;49.2542;3.93083;Reims;Реймс;France;Франция;http://en.wikipedia.org/wiki/Reims-Gueux
ricard;Circuit Paul Ricard;Поль Рикар;track;Трековая;43.2506;5.79167;Le Castellet;Ле-Кастелле;France;Франция;http://en.wikipedia.org/wiki/Paul_Ricard_Circuit
riverside;Riverside International Raceway;Риверсайд;track;Трековая;33.937;-117.273;California;Калифорния;USA;США;http://en.wikipedia.org/wiki/Riverside_International_Raceway
rodriguez;Autódromo Hermanos Rodríguez;Эрманос Родригес;track;Трековая;19.4042;-99.0907;Mexico City;Мехико;Mexico;Мексика;http://en.wikipedia.org/wiki/Aut%C3%B3dromo_Hermanos_Rodr%C3%ADguez
sebring;Sebring International Raceway;Себринг;track;Трековая;27.4547;-81.3483;Florida;Флорида;USA;США;http://en.wikipedia.org/wiki/Sebring_Raceway
sepang;Sepang International Circuit;Сепанг;track;Трековая;2.76083;101.738;Kuala Lumpur;Куала-Лумпур;Malaysia;Малайзия;http://en.wikipedia.org/wiki/Sepang_International_Circuit
shanghai;Shanghai International Circuit;Шанхай;track;Трековая;31.3389;121.22;Shanghai;Шанхай;China;Китай;http://en.wikipedia.org/wiki/Shanghai_International_Circuit
silverstone;Silverstone Circuit;Сильверстоун;track;Трековая;52.0786;-1.01694;Silverstone;Сильверстоун;UK;Великобритания;http://en.wikipedia.org/wiki/Silverstone_Circuit
sochi;Sochi Autodrom;Сочи Автодром;track;Трековая;43.4057;39.9578;Sochi;Сочи;Russia;Россия;http://en.wikipedia.org/wiki/Sochi_Autodrom
spa;Circuit de Spa-Francorchamps;Спа-Франкоршам;track;Трековая;50.4372;5.97139;Spa;Спа;Belgium;Бельгия;http://en.wikipedia.org/wiki/Circuit_de_Spa-Francorchamps
suzuka;Suzuka Circuit;Сузука;track;Трековая;34.8431;136.541;Suzuka;Сузука;Japan;Япония;http://en.wikipedia.org/wiki/Suzuka_Circuit
tremblant;Circuit Mont-Tremblant;Мон-Тремблан;track;Трековая;46.1877;-74.6099;Quebec;Квебек;Canada;Канада;http://en.wikipedia.org/wiki/Circuit_Mont-Tremblant
valencia;Valencia Street Circuit;Уличная трасса Валенсия;urban;Городская;39.4589;-0.331667;Valencia;Валенсия;Spain;Испания;http://en.wikipedia.org/wiki/Valencia_Street_Circuit
vegas;Las Vegas Strip Street Circuit;Уличная трасса Лас-Вегас-Стрип;urban;Городская;36.1147;-115.173;Las Vegas;Лас-Вегас;United States;США;https://en.wikipedia.org/wiki/Las_Vegas_Grand_Prix#Circuit
villeneuve;Circuit Gilles Villeneuve;Жиль Вильнёв;mixed;Смешанная;45.5;-73.5228;Montreal;Монреаль;Canada;Канада;http://en.wikipedia.org/wiki/Circuit_Gilles_Villeneuve
watkins_glen;Watkins Glen;Уоткинс-Глен;track;Трековая;42.3369;-76.9272;New York State;штат Нью-Йорк;USA;США;http://en.wikipedia.org/wiki/Watkins_Glen_International
yas_marina;Yas Marina Circuit;Яс-Марина;mixed;Смешанная;24.4672;54.6031;Abu Dhabi;Абу-Даби;UAE;ОАЭ;http://en.wikipedia.org/wiki/Yas_Marina_Circuit
yeongam;Korean International Circuit;Корейская международная трасса;track;Трековая;34.7333;126.417;Yeongam County;уезд Йонам;Korea;Корея;http://en.wikipedia.org/wiki/Korean_International_Circuit
zandvoort;Circuit Park Zandvoort;Зандворт;track;Трековая;52.3888;4.54092;Zandvoort;Зандворт;Netherlands;Нидерланды;http://en.wikipedia.org/wiki/Circuit_Zandvoort
zeltweg;Zeltweg;Цельтвег;track;Трековая;47.2039;14.7478;Styria;Штирия;Austria;Австрия;http://en.wikipedia.org/wiki/Zeltweg_Airfield
zolder;Zolder;Зольдер;track;Трековая;50.9894;5.25694;Heusden-Zolder;Хёсден-Золдер;Belgium;Бельгия;http://en.wikipedia.org/wiki/Zolder
Madring;Madring;Мадринг;urban;Городская;40.465438;-3.617920;Madrid;Мадрид;Spain;Испания;https://en.wikipedia.org/wiki/Madrid_Grand_Prix
